customer_id,customer_name,segment,region,state,signup_date
CUST-00001,Allison Hill,Home Office,West,Rajasthan,2024-01-15
CUST-00002,Brian Yang,Corporate,Central,Chhattisgarh,2024-09-21
CUST-00003,Javier Johnson,Consumer,East,Bihar,2024-01-11
CUST-00004,Lance Hoffman,Corporate,Central,Uttar Pradesh,2025-02-01
CUST-00005,Kimberly Robinson,Home Office,Central,Chhattisgarh,2024-10-25
CUST-00006,Sean Blake,Consumer,South,Karnataka,2023-11-27
CUST-00007,Gina Moore,Consumer,North,Punjab,2025-03-10
CUST-00008,Brandon Davis,Consumer,Central,Madhya Pradesh,2025-05-14
CUST-00009,Dennis Williams,Corporate,East,Odisha,2024-07-16
CUST-00010,Valerie Gray,Home Office,West,Rajasthan,2024-09-26
CUST-00011,Mark Mcclure,Consumer,East,Jharkhand,2024-05-01
CUST-00012,Michele Williams,Consumer,North,Haryana,2024-01-19
CUST-00013,Victoria Wyatt,Consumer,Central,Chhattisgarh,2025-05-29
CUST-00014,Donald Reid,Home Office,West,Gujarat,2024-05-04
CUST-00015,Henry Santiago,Consumer,South,Tamil Nadu,2025-01-21
CUST-00016,Maria Lynch,Consumer,Central,Uttar Pradesh,2023-12-05
CUST-00017,Danielle Ford,Consumer,West,Maharashtra,2024-02-20
CUST-00018,Margaret Hawkins DDS,Home Office,East,Jharkhand,2025-05-10
CUST-00019,Amy Underwood,Corporate,South,Tamil Nadu,2025-04-11
CUST-00020,Derek Clark,Corporate,South,Karnataka,2024-10-08
CUST-00021,Emily Rios,Corporate,South,Tamil Nadu,2024-05-28
CUST-00022,Maria Thomas,Home Office,South,Tamil Nadu,2023-11-11
CUST-00023,Justin Baker,Consumer,West,Goa,2024-10-22
CUST-00024,Kevin Cox,Consumer,Central,Chhattisgarh,2023-11-10
CUST-00025,Ann Williams,Corporate,Central,Madhya Pradesh,2023-10-19
CUST-00026,Christopher Becker,Corporate,West,Maharashtra,2024-10-31
CUST-00027,James Ferrell,Consumer,North,Delhi,2024-09-08
CUST-00028,Juan Dunlap,Consumer,North,Delhi,2025-01-04
CUST-00029,Melanie Herrera,Consumer,North,Uttarakhand,2024-02-18
CUST-00030,Gina Carter,Consumer,East,Jharkhand,2023-11-25
CUST-00031,Troy Liu,Corporate,East,Bihar,2024-02-15
CUST-00032,Pamela Romero,Home Office,Central,Chhattisgarh,2023-10-16
CUST-00033,Elizabeth Fowler,Home Office,North,Delhi,2024-11-10
CUST-00034,James Martin,Consumer,West,Goa,2025-03-21
CUST-00035,Tamara George,Corporate,Central,Chhattisgarh,2024-08-08
CUST-00036,Timothy Koch,Corporate,East,Bihar,2025-05-01
CUST-00037,Cynthia Allen,Home Office,Central,Uttar Pradesh,2024-10-08
CUST-00038,Angelica Tucker,Corporate,North,Haryana,2023-09-17
CUST-00039,Kim Martinez,Consumer,East,Bihar,2024-12-19
CUST-00040,Joshua Baker,Consumer,South,Karnataka,2025-06-02
CUST-00041,Tracey Hickman,Consumer,East,Bihar,2025-03-03
CUST-00042,Christina Collins,Consumer,North,Uttarakhand,2024-12-28
CUST-00043,Jessica Holmes,Home Office,West,Rajasthan,2023-10-27
CUST-00044,Austin Smith,Consumer,Central,Madhya Pradesh,2024-09-28
CUST-00045,Daniel Jones,Home Office,West,Rajasthan,2024-11-27
CUST-00046,Austin Johnson,Corporate,East,Jharkhand,2024-04-07
CUST-00047,David Caldwell,Corporate,South,Tamil Nadu,2024-01-08
CUST-00048,Miranda Khan,Consumer,North,Uttarakhand,2024-10-15
CUST-00049,Richard Aguirre,Consumer,West,Goa,2023-12-20
CUST-00050,Matthew Gomez,Consumer,East,Bihar,2024-06-09
CUST-00051,Nicholas Nunez,Consumer,West,Gujarat,2024-12-08
CUST-00052,James Morgan,Consumer,North,Haryana,2025-05-25
CUST-00053,Corey Herrera,Corporate,North,Delhi,2023-11-11
CUST-00054,Donald Wright,Consumer,East,Jharkhand,2025-07-12
CUST-00055,Robert Chase,Consumer,East,West Bengal,2023-10-10
CUST-00056,Zachary Huff,Consumer,North,Uttarakhand,2023-10-06
CUST-00057,Sarah Martin,Consumer,East,Jharkhand,2024-08-06
CUST-00058,Dr. Steven Martin,Consumer,North,Punjab,2023-07-27
CUST-00059,Mrs. Rachel Gibson,Consumer,North,Uttarakhand,2024-06-18
CUST-00060,Monica Logan,Corporate,South,Karnataka,2024-12-21
CUST-00061,Brittney Phillips,Home Office,North,Haryana,2023-09-09
CUST-00062,Kimberly Adkins,Home Office,North,Uttarakhand,2023-09-08
CUST-00063,John Calhoun,Consumer,Central,Madhya Pradesh,2024-09-10
CUST-00064,Tyler Miller,Corporate,East,West Bengal,2023-12-17
CUST-00065,Barry Hensley,Consumer,West,Gujarat,2024-06-03
CUST-00066,Steve Sanchez,Consumer,West,Goa,2024-10-29
CUST-00067,Bradley Sandoval,Consumer,East,Odisha,2024-10-07
CUST-00068,Taylor Harris,Corporate,Central,Chhattisgarh,2025-02-01
CUST-00069,Derek Anderson,Corporate,East,Jharkhand,2024-12-08
CUST-00070,Eugene Walton,Consumer,North,Haryana,2023-09-20
CUST-00071,Marc Hart,Home Office,Central,Uttar Pradesh,2023-10-11
CUST-00072,Daniel Baker,Consumer,West,Rajasthan,2025-07-19
CUST-00073,Benjamin Sanchez,Consumer,East,Bihar,2024-03-03
CUST-00074,Roy Warner,Home Office,West,Goa,2024-11-12
CUST-00075,Dr. Kendra Contreras,Corporate,South,Kerala,2024-09-28
CUST-00076,Matthew Mcmillan,Corporate,West,Gujarat,2023-11-07
CUST-00077,Steve Newton,Consumer,South,Andhra Pradesh,2023-11-23
CUST-00078,Larry Robbins,Home Office,South,Andhra Pradesh,2023-12-31
CUST-00079,Sarah Wagner,Consumer,West,Maharashtra,2024-02-06
CUST-00080,Sarah Davis,Corporate,West,Goa,2024-06-19
CUST-00081,Amanda Cook,Consumer,East,West Bengal,2023-11-04
CUST-00082,Deborah Figueroa,Corporate,East,Jharkhand,2024-09-26
CUST-00083,Kristina Rodriguez,Home Office,East,Odisha,2025-06-10
CUST-00084,Brittany Johnson,Corporate,North,Haryana,2024-05-07
CUST-00085,Brittany Anderson,Consumer,North,Punjab,2024-03-21
CUST-00086,Timothy Stanton,Corporate,West,Goa,2023-08-25
CUST-00087,Christine Wright,Corporate,North,Delhi,2023-10-13
CUST-00088,Justin Baxter,Consumer,South,Tamil Nadu,2024-11-19
CUST-00089,Tammy Young,Corporate,South,Andhra Pradesh,2023-11-29
CUST-00090,Rita Keith,Consumer,Central,Madhya Pradesh,2023-08-14
CUST-00091,Tim Patton,Consumer,West,Maharashtra,2024-06-09
CUST-00092,Sharon Cochran,Consumer,West,Goa,2024-02-18
CUST-00093,Michael Reyes,Corporate,East,West Bengal,2023-08-25
CUST-00094,Courtney Velasquez,Consumer,West,Gujarat,2024-07-17
CUST-00095,Robert Savage,Consumer,Central,Uttar Pradesh,2024-01-15
CUST-00096,Corey Murphy,Corporate,East,Odisha,2025-05-27
CUST-00097,Raymond Bell,Corporate,North,Uttarakhand,2024-08-24
CUST-00098,William Herrera,Consumer,North,Delhi,2025-07-24
CUST-00099,Shawn Green,Corporate,East,Jharkhand,2024-10-18
CUST-00100,Deborah Rodriguez,Consumer,North,Uttarakhand,2024-06-27
CUST-00101,Richard Graham,Consumer,West,Gujarat,2024-08-26
CUST-00102,Steven Lee,Home Office,Central,Madhya Pradesh,2023-08-29
CUST-00103,April Frost,Home Office,Central,Madhya Pradesh,2024-09-16
CUST-00104,Teresa Mclaughlin,Corporate,Central,Madhya Pradesh,2023-12-26
CUST-00105,Benjamin Beck,Consumer,West,Maharashtra,2024-04-07
CUST-00106,Mary Martinez,Consumer,North,Uttarakhand,2025-06-24
CUST-00107,Eric Ortiz,Corporate,South,Kerala,2024-06-02
CUST-00108,Kristen Lee,Home Office,South,Tamil Nadu,2024-12-23
CUST-00109,Megan Orr,Corporate,South,Tamil Nadu,2024-11-15
CUST-00110,Jennifer Bass,Consumer,South,Tamil Nadu,2024-03-18
CUST-00111,Jeffrey Carpenter,Consumer,South,Andhra Pradesh,2024-12-15
CUST-00112,Jeremy Lowe,Consumer,North,Punjab,2024-08-26
CUST-00113,Steven Flynn,Consumer,Central,Chhattisgarh,2023-12-04
CUST-00114,Diane Beck,Consumer,East,Jharkhand,2024-11-17
CUST-00115,Robert Potter,Consumer,Central,Uttar Pradesh,2024-12-29
CUST-00116,Robert Hernandez,Corporate,North,Uttarakhand,2023-08-30
CUST-00117,John Atkinson,Consumer,North,Punjab,2023-09-20
CUST-00118,Stephen Johnston,Home Office,West,Rajasthan,2025-02-02
CUST-00119,Kathleen Sanchez,Corporate,West,Goa,2024-12-16
CUST-00120,Stephanie Dalton,Consumer,East,Bihar,2025-06-12
CUST-00121,Jeffery Thompson,Corporate,Central,Chhattisgarh,2025-01-16
CUST-00122,Amber Wright,Consumer,North,Punjab,2025-05-14
CUST-00123,Casey Marshall,Consumer,East,West Bengal,2024-09-10
CUST-00124,Linda Dodson DVM,Consumer,Central,Madhya Pradesh,2024-11-12
CUST-00125,Stephanie Simmons,Corporate,West,Goa,2025-06-29
CUST-00126,Stephanie Manning,Consumer,West,Rajasthan,2024-07-28
CUST-00127,Paul Larsen,Consumer,West,Gujarat,2024-02-26
CUST-00128,Kelly Sims,Corporate,West,Rajasthan,2024-02-24
CUST-00129,Micheal Young,Consumer,North,Haryana,2024-04-11
CUST-00130,Joshua Taylor,Corporate,West,Gujarat,2024-01-21
CUST-00131,Christian Lewis,Consumer,Central,Chhattisgarh,2024-06-12
CUST-00132,Joshua Perry,Corporate,North,Delhi,2024-01-02
CUST-00133,Jean Carrillo,Home Office,South,Kerala,2025-01-16
CUST-00134,Spencer Johnston,Consumer,South,Tamil Nadu,2024-07-30
CUST-00135,Guy Molina,Corporate,North,Delhi,2025-05-18
CUST-00136,Sara Medina,Home Office,North,Haryana,2025-02-15
CUST-00137,Lindsey Walker,Corporate,Central,Uttar Pradesh,2024-01-12
CUST-00138,John Price,Consumer,East,Jharkhand,2024-12-26
CUST-00139,Jennifer Martin,Corporate,East,West Bengal,2024-07-23
CUST-00140,Veronica Ferguson,Consumer,Central,Madhya Pradesh,2025-06-29
CUST-00141,Justin Johnson,Consumer,North,Punjab,2024-12-06
CUST-00142,Sean White,Consumer,West,Goa,2024-02-13
CUST-00143,Daniel Murphy,Corporate,South,Karnataka,2025-03-08
CUST-00144,Diana Bean,Consumer,West,Gujarat,2024-06-17
CUST-00145,Bradley Smith,Consumer,Central,Chhattisgarh,2024-09-16
CUST-00146,Trevor Walker,Home Office,Central,Uttar Pradesh,2023-09-17
CUST-00147,Marissa Webster,Corporate,South,Tamil Nadu,2024-02-03
CUST-00148,Alex Hernandez,Consumer,North,Delhi,2023-11-01
CUST-00149,Brian Gould,Corporate,West,Goa,2024-07-21
CUST-00150,Pamela Jackson,Consumer,South,Andhra Pradesh,2024-11-08
CUST-00151,Michelle Strickland,Corporate,East,Jharkhand,2023-11-30
CUST-00152,Ashley Johnson,Corporate,South,Karnataka,2024-03-24
CUST-00153,Susan Brooks,Corporate,North,Haryana,2025-01-31
CUST-00154,Kevin Rivas,Corporate,Central,Madhya Pradesh,2024-01-30
CUST-00155,Raymond Jefferson,Corporate,North,Haryana,2024-11-03
CUST-00156,Rebecca Knight,Consumer,West,Goa,2023-08-26
CUST-00157,Jeffrey Wood,Consumer,South,Tamil Nadu,2024-08-21
CUST-00158,Alexandria Fisher,Consumer,East,Odisha,2024-08-09
CUST-00159,Tyler Reid,Corporate,Central,Chhattisgarh,2025-04-29
CUST-00160,Christian Thompson,Consumer,South,Kerala,2024-09-03
CUST-00161,Debra Morton,Corporate,West,Gujarat,2024-09-16
CUST-00162,Julie Petersen,Home Office,Central,Madhya Pradesh,2024-10-28
CUST-00163,Samuel Rivas,Home Office,Central,Chhattisgarh,2023-10-01
CUST-00164,Jerry Christensen,Corporate,Central,Uttar Pradesh,2024-10-10
CUST-00165,Jamie Johnson,Corporate,North,Uttarakhand,2025-05-16
CUST-00166,John Kelly,Consumer,South,Andhra Pradesh,2024-02-11
CUST-00167,Spencer Haynes,Consumer,Central,Uttar Pradesh,2024-02-25
CUST-00168,Kellie Lee,Corporate,Central,Uttar Pradesh,2024-01-29
CUST-00169,Katherine Chang,Consumer,North,Delhi,2025-01-12
CUST-00170,Michael West,Corporate,West,Gujarat,2023-08-08
CUST-00171,Daniel Holt,Home Office,Central,Madhya Pradesh,2024-03-19
CUST-00172,Jackie Tran,Consumer,West,Maharashtra,2024-04-18
CUST-00173,Patrick Rivera,Consumer,East,Bihar,2025-01-21
CUST-00174,Eric Hall,Home Office,West,Goa,2025-02-05
CUST-00175,Bryan Herrera,Corporate,West,Rajasthan,2025-03-09
CUST-00176,Cheryl Rodgers,Consumer,Central,Madhya Pradesh,2024-02-25
CUST-00177,Vanessa Warren,Corporate,West,Goa,2024-03-01
CUST-00178,Dr. Elizabeth Ward,Corporate,Central,Madhya Pradesh,2024-03-16
CUST-00179,Joseph Hill,Home Office,Central,Chhattisgarh,2023-09-06
CUST-00180,Melissa Martinez,Consumer,South,Kerala,2025-05-30
CUST-00181,Ashley Smith,Consumer,Central,Chhattisgarh,2024-03-02
CUST-00182,Jeremiah Lopez,Corporate,West,Gujarat,2023-09-03
CUST-00183,Scott Wilson,Home Office,West,Gujarat,2023-09-14
CUST-00184,Benjamin Soto,Consumer,Central,Madhya Pradesh,2023-09-05
CUST-00185,Robert Avery,Home Office,South,Tamil Nadu,2023-09-30
CUST-00186,Bailey Duran DDS,Consumer,Central,Chhattisgarh,2025-03-31
CUST-00187,Patricia James,Corporate,East,West Bengal,2025-06-30
CUST-00188,Scott Branch,Home Office,North,Delhi,2024-03-19
CUST-00189,Amy Choi,Corporate,North,Uttarakhand,2023-10-11
CUST-00190,Christine Clark,Consumer,West,Maharashtra,2024-12-19
CUST-00191,David Arnold,Corporate,West,Rajasthan,2023-11-24
CUST-00192,Jerry Wheeler,Home Office,South,Kerala,2024-03-08
CUST-00193,Dwayne Campbell,Consumer,East,Odisha,2025-05-23
CUST-00194,Michael Bradshaw,Corporate,West,Goa,2025-03-28
CUST-00195,Leah Lara,Corporate,West,Rajasthan,2023-12-26
CUST-00196,Joshua Holland,Corporate,North,Haryana,2025-06-30
CUST-00197,Charles Brown,Consumer,Central,Madhya Pradesh,2025-04-01
CUST-00198,Paul Carroll,Consumer,West,Goa,2024-03-06
CUST-00199,John Torres,Consumer,North,Punjab,2024-06-02
CUST-00200,Kathryn Snyder,Consumer,South,Andhra Pradesh,2023-09-26
CUST-00201,Stacy Navarro,Consumer,Central,Madhya Pradesh,2024-11-05
CUST-00202,Brandon Hayden,Home Office,Central,Madhya Pradesh,2025-05-05
CUST-00203,Laurie Smith,Corporate,West,Goa,2025-03-11
CUST-00204,Debra Williams,Consumer,North,Delhi,2025-03-04
CUST-00205,Joseph Ramos,Corporate,North,Haryana,2024-02-27
CUST-00206,Kevin Walters,Corporate,North,Punjab,2024-08-10
CUST-00207,Julie Ortiz,Home Office,East,West Bengal,2024-03-31
CUST-00208,Shannon Rivera,Consumer,East,Jharkhand,2025-01-14
CUST-00209,Matthew Morales DDS,Consumer,West,Maharashtra,2023-08-23
CUST-00210,Ernest Morris,Consumer,South,Tamil Nadu,2025-03-17
CUST-00211,Jose Travis,Consumer,South,Andhra Pradesh,2024-12-17
CUST-00212,Julia Brown,Consumer,West,Goa,2024-08-31
CUST-00213,Peter Garrett,Corporate,East,West Bengal,2025-03-07
CUST-00214,Derek Anderson,Consumer,North,Uttarakhand,2024-03-05
CUST-00215,Michael Martinez,Corporate,Central,Madhya Pradesh,2024-11-26
CUST-00216,Cynthia Moore,Home Office,Central,Madhya Pradesh,2024-09-25
CUST-00217,Jason Walker,Consumer,South,Karnataka,2025-05-09
CUST-00218,Julia Wilson,Consumer,North,Uttarakhand,2025-05-02
CUST-00219,Timothy Carter,Corporate,South,Karnataka,2025-01-23
CUST-00220,Ruben Baird,Corporate,North,Punjab,2024-01-31
CUST-00221,Charles Lee,Consumer,North,Punjab,2024-11-02
CUST-00222,Sherry Shields,Home Office,North,Haryana,2024-02-25
CUST-00223,Sarah Morgan,Corporate,North,Punjab,2025-03-28
CUST-00224,Samantha Campbell,Consumer,North,Delhi,2024-03-13
CUST-00225,Lauren Keller,Consumer,Central,Chhattisgarh,2025-05-28
CUST-00226,Joshua Reed,Corporate,West,Rajasthan,2024-09-26
CUST-00227,Jamie Cantu,Home Office,Central,Madhya Pradesh,2025-05-31
CUST-00228,Michael Armstrong,Corporate,Central,Chhattisgarh,2024-01-23
CUST-00229,Jennifer Flores,Consumer,South,Karnataka,2024-07-27
CUST-00230,Roberta Hughes,Consumer,North,Haryana,2024-12-22
CUST-00231,Marissa Hernandez,Corporate,Central,Chhattisgarh,2023-08-23
CUST-00232,Vincent Rivera,Corporate,North,Uttarakhand,2023-10-11
CUST-00233,Jessica Fox,Consumer,South,Andhra Pradesh,2024-07-14
CUST-00234,Charles Pitts,Consumer,South,Tamil Nadu,2023-11-22
CUST-00235,Richard Baker,Consumer,East,Jharkhand,2024-11-21
CUST-00236,Marie Christian,Corporate,North,Delhi,2025-05-18
CUST-00237,Kimberly Finley,Consumer,East,Jharkhand,2024-11-23
CUST-00238,Olivia Brennan,Corporate,Central,Chhattisgarh,2023-08-22
CUST-00239,Cynthia Cohen,Consumer,East,Odisha,2024-03-05
CUST-00240,Nicole Hamilton MD,Home Office,West,Gujarat,2024-11-29
CUST-00241,Ashlee Jackson,Corporate,South,Kerala,2024-03-14
CUST-00242,Amber Flynn,Consumer,East,Odisha,2024-03-09
CUST-00243,Jeffrey Sanchez,Consumer,West,Maharashtra,2024-06-10
CUST-00244,Rebecca Jackson,Consumer,West,Gujarat,2023-09-25
CUST-00245,Janet Vega,Corporate,East,West Bengal,2024-08-15
CUST-00246,Briana Murray,Consumer,West,Maharashtra,2024-02-08
CUST-00247,Michael Nolan,Corporate,South,Andhra Pradesh,2024-07-21
CUST-00248,Megan Moore,Home Office,Central,Madhya Pradesh,2024-07-03
CUST-00249,Victoria Evans,Consumer,South,Kerala,2024-06-19
CUST-00250,Joyce Turner,Consumer,East,Bihar,2024-05-19
CUST-00251,Ashley James,Consumer,North,Uttarakhand,2024-04-29
CUST-00252,Wendy Phillips,Consumer,East,Jharkhand,2025-04-30
CUST-00253,Denise Knight,Consumer,West,Goa,2025-01-08
CUST-00254,Valerie Lozano,Home Office,North,Haryana,2025-02-23
CUST-00255,Tanner Mitchell DDS,Corporate,East,Odisha,2024-11-08
CUST-00256,Colleen Lee,Consumer,Central,Uttar Pradesh,2024-02-05
CUST-00257,Michelle Hopkins,Consumer,Central,Chhattisgarh,2025-05-07
CUST-00258,Brent Burton,Consumer,Central,Chhattisgarh,2023-08-25
CUST-00259,Jeremiah Riley,Consumer,North,Uttarakhand,2025-02-13
CUST-00260,Theodore Murphy,Home Office,South,Karnataka,2024-06-12
CUST-00261,Carlos Ryan,Corporate,South,Karnataka,2024-05-05
CUST-00262,Susan Rivas,Corporate,South,Karnataka,2024-02-10
CUST-00263,Terry Coffey,Home Office,East,West Bengal,2024-03-11
CUST-00264,Gina Wilson,Consumer,North,Delhi,2023-09-22
CUST-00265,Vincent Dalton,Corporate,North,Uttarakhand,2025-02-07
CUST-00266,Jennifer Singleton,Corporate,South,Tamil Nadu,2024-09-30
CUST-00267,Richard Smith,Corporate,South,Tamil Nadu,2024-09-14
CUST-00268,Jacob Curry,Consumer,East,Bihar,2024-02-14
CUST-00269,Samantha Bentley,Home Office,East,Odisha,2023-10-18
CUST-00270,Kaitlyn Harvey,Consumer,East,West Bengal,2024-10-04
CUST-00271,Leonard Holland,Consumer,South,Kerala,2024-11-30
CUST-00272,Susan Turner,Consumer,East,West Bengal,2024-06-07
CUST-00273,Andrew Johnson,Consumer,Central,Uttar Pradesh,2024-08-11
CUST-00274,David Medina,Corporate,North,Punjab,2024-05-22
CUST-00275,Michael Paul,Consumer,South,Karnataka,2024-09-17
CUST-00276,Patrick Moore,Consumer,North,Delhi,2024-06-12
CUST-00277,Sandra Gilbert,Consumer,West,Maharashtra,2025-07-24
CUST-00278,Amanda Wood,Consumer,Central,Uttar Pradesh,2024-07-04
CUST-00279,David Cox,Corporate,South,Andhra Pradesh,2025-01-08
CUST-00280,Steven Newman,Corporate,North,Punjab,2023-09-11
CUST-00281,Colton Martinez,Consumer,North,Uttarakhand,2025-05-14
CUST-00282,Anna Lewis,Corporate,South,Kerala,2024-12-03
CUST-00283,Alison Buchanan,Home Office,East,West Bengal,2024-01-31
CUST-00284,Rachel Harris DVM,Consumer,North,Punjab,2024-09-28
CUST-00285,Daniel Kane,Consumer,Central,Uttar Pradesh,2024-04-06
CUST-00286,Rachel Carlson,Home Office,West,Gujarat,2024-02-26
CUST-00287,Brianna Anderson,Consumer,North,Haryana,2024-02-05
CUST-00288,Ashley Delacruz,Home Office,Central,Uttar Pradesh,2023-11-05
CUST-00289,Richard Young,Corporate,South,Kerala,2024-04-02
CUST-00290,Derek Martinez,Consumer,West,Gujarat,2024-06-16
CUST-00291,Nichole Alvarez,Consumer,North,Punjab,2025-03-21
CUST-00292,Kevin Hayes,Corporate,East,Odisha,2024-01-14
CUST-00293,Amanda Logan,Corporate,East,Bihar,2025-05-29
CUST-00294,Elizabeth Schneider,Corporate,Central,Chhattisgarh,2023-08-19
CUST-00295,John Morales,Consumer,South,Kerala,2025-01-08
CUST-00296,Micheal Wallace,Consumer,West,Maharashtra,2025-06-23
CUST-00297,Lee Jones,Consumer,West,Gujarat,2024-02-24
CUST-00298,Lauren Joseph,Consumer,Central,Uttar Pradesh,2024-05-16
CUST-00299,Kerry Chavez DDS,Consumer,West,Rajasthan,2023-10-11
CUST-00300,Ashley Pena,Consumer,North,Uttarakhand,2025-06-06
CUST-00301,Michelle Lewis,Consumer,South,Tamil Nadu,2024-07-10
CUST-00302,Jennifer Wilcox,Consumer,West,Goa,2024-05-30
CUST-00303,Brandon Simmons,Consumer,South,Kerala,2024-12-23
CUST-00304,Troy Mcdaniel,Consumer,Central,Madhya Pradesh,2024-07-28
CUST-00305,Ronald Davis,Consumer,East,Odisha,2023-10-09
CUST-00306,Jacqueline Anderson,Consumer,East,West Bengal,2023-09-10
CUST-00307,Kristina Rivera,Corporate,Central,Chhattisgarh,2023-10-28
CUST-00308,Shane Pugh,Corporate,Central,Madhya Pradesh,2024-06-18
CUST-00309,Michelle Schmitt,Consumer,South,Kerala,2024-11-03
CUST-00310,Brian Romero,Corporate,North,Punjab,2023-11-23
CUST-00311,Courtney Rodriguez,Corporate,West,Goa,2025-05-12
CUST-00312,Ashley Ramirez,Corporate,East,Odisha,2024-01-17
CUST-00313,Sarah Villegas,Consumer,West,Maharashtra,2025-04-21
CUST-00314,Megan Hawkins,Corporate,Central,Uttar Pradesh,2024-11-10
CUST-00315,Sandra Adams,Home Office,South,Karnataka,2023-12-13
CUST-00316,Phillip Dorsey,Corporate,Central,Chhattisgarh,2024-04-23
CUST-00317,Sergio Knight,Corporate,East,West Bengal,2024-06-01
CUST-00318,Patrick Bonilla,Consumer,North,Delhi,2023-10-05
CUST-00319,Cindy Barnes,Consumer,South,Andhra Pradesh,2024-04-15
CUST-00320,Eric Nguyen,Consumer,East,Odisha,2024-10-08
CUST-00321,Sophia Moore,Corporate,East,Jharkhand,2025-03-02
CUST-00322,Megan Nelson,Consumer,South,Kerala,2024-12-21
CUST-00323,Lawrence Perry,Consumer,Central,Chhattisgarh,2024-01-09
CUST-00324,Ashley Jordan,Corporate,East,Odisha,2024-03-02
CUST-00325,Leslie Rose,Consumer,North,Delhi,2024-03-21
CUST-00326,James Greene,Corporate,East,Odisha,2023-07-31
CUST-00327,Tony Saunders,Corporate,West,Gujarat,2025-03-10
CUST-00328,Garrett Smith,Home Office,Central,Madhya Pradesh,2025-02-25
CUST-00329,Carl Patel,Consumer,Central,Madhya Pradesh,2024-01-20
CUST-00330,Sandra Drake,Consumer,West,Maharashtra,2023-09-19
CUST-00331,Patrick Graham,Consumer,Central,Madhya Pradesh,2024-07-17
CUST-00332,Shannon Johnston,Consumer,South,Kerala,2024-10-13
CUST-00333,Mark Roberts,Corporate,East,Odisha,2024-06-04
CUST-00334,Frederick Solis,Corporate,East,Jharkhand,2024-11-17
CUST-00335,Michael Cox,Home Office,East,Jharkhand,2024-06-29
CUST-00336,Dana Chapman,Home Office,South,Andhra Pradesh,2024-09-04
CUST-00337,Seth Reese,Corporate,South,Tamil Nadu,2024-01-14
CUST-00338,Christopher Dixon,Corporate,South,Kerala,2023-10-22
CUST-00339,Cheyenne Parsons,Corporate,West,Goa,2024-04-23
CUST-00340,Sabrina Briggs,Home Office,West,Maharashtra,2024-01-25
CUST-00341,David Thompson,Corporate,Central,Chhattisgarh,2023-11-21
CUST-00342,Mary Thompson,Corporate,North,Punjab,2025-03-17
CUST-00343,Julie Elliott,Consumer,North,Delhi,2024-10-18
CUST-00344,Thomas Cunningham,Home Office,North,Haryana,2024-11-30
CUST-00345,Mrs. Tricia Stewart,Consumer,North,Delhi,2024-07-01
CUST-00346,Jeremy Turner,Corporate,South,Tamil Nadu,2024-02-24
CUST-00347,Heather Jones,Consumer,North,Punjab,2024-07-18
CUST-00348,Anthony Decker,Corporate,East,West Bengal,2023-09-23
CUST-00349,Vanessa Davis,Corporate,North,Punjab,2024-10-29
CUST-00350,Julie Spencer,Corporate,West,Gujarat,2025-04-01
CUST-00351,Amanda Stout,Consumer,North,Uttarakhand,2024-10-12
CUST-00352,Erica Alvarez,Home Office,North,Punjab,2023-11-20
CUST-00353,Joanna Shepherd,Consumer,South,Kerala,2025-05-06
CUST-00354,Miguel Wagner,Home Office,South,Andhra Pradesh,2023-12-07
CUST-00355,Michael Ritter,Consumer,East,Bihar,2024-09-05
CUST-00356,Caitlin Watson,Consumer,East,West Bengal,2024-03-01
CUST-00357,Raymond Shelton,Consumer,West,Goa,2023-09-04
CUST-00358,Maria Jones,Consumer,North,Haryana,2023-10-07
CUST-00359,Jasmine King,Corporate,East,Jharkhand,2025-05-17
CUST-00360,Susan Marks,Corporate,South,Kerala,2024-04-09
CUST-00361,Matthew Rangel,Home Office,North,Delhi,2024-03-22
CUST-00362,Melissa Myers,Consumer,West,Goa,2024-10-30
CUST-00363,Angela Hansen,Consumer,Central,Uttar Pradesh,2024-12-06
CUST-00364,Robin Santiago,Consumer,North,Punjab,2025-04-29
CUST-00365,Yolanda Gaines,Consumer,East,Bihar,2023-10-06
CUST-00366,Jessica Cox,Corporate,Central,Madhya Pradesh,2024-05-02
CUST-00367,Trevor Peterson,Consumer,East,Odisha,2025-03-12
CUST-00368,Mr. Chad Jones,Consumer,East,Odisha,2025-05-11
CUST-00369,Katie Fernandez,Consumer,West,Gujarat,2025-02-18
CUST-00370,Amanda Rogers,Consumer,East,West Bengal,2025-03-12
CUST-00371,Linda Moore,Consumer,Central,Uttar Pradesh,2023-12-13
CUST-00372,Patricia Lamb,Consumer,South,Tamil Nadu,2023-12-01
CUST-00373,Amanda Diaz,Consumer,South,Kerala,2025-02-03
CUST-00374,Jeremy Mitchell,Corporate,West,Rajasthan,2025-02-26
CUST-00375,Cynthia Allen,Consumer,Central,Madhya Pradesh,2025-04-14
CUST-00376,Stephanie Lee,Consumer,East,Bihar,2025-01-02
CUST-00377,Victoria Murray,Corporate,Central,Madhya Pradesh,2024-02-29
CUST-00378,Kathryn Barnes,Consumer,Central,Madhya Pradesh,2023-11-28
CUST-00379,Rebecca Taylor,Consumer,West,Gujarat,2024-02-05
CUST-00380,John Watson,Consumer,East,Odisha,2025-07-20
CUST-00381,Ryan Rosales,Home Office,East,Jharkhand,2024-03-03
CUST-00382,Christopher Cole,Consumer,Central,Chhattisgarh,2024-08-27
CUST-00383,Jeffrey Potts,Consumer,South,Kerala,2024-01-14
CUST-00384,Stacey Arias,Consumer,North,Haryana,2024-06-12
CUST-00385,Jonathan Young,Home Office,Central,Madhya Pradesh,2023-09-27
CUST-00386,Alfred Galvan,Corporate,West,Maharashtra,2025-05-07
CUST-00387,Gabriela Thomas,Consumer,Central,Chhattisgarh,2023-08-24
CUST-00388,Ronald Horton,Consumer,South,Kerala,2023-11-10
CUST-00389,Julie Gilbert,Corporate,West,Maharashtra,2025-06-28
CUST-00390,David Conley,Consumer,North,Uttarakhand,2024-09-24
CUST-00391,Lisa Henderson,Home Office,East,Odisha,2025-03-19
CUST-00392,Eric Williams,Consumer,West,Gujarat,2024-06-16
CUST-00393,Lisa Brown,Home Office,East,Jharkhand,2025-05-05
CUST-00394,Linda Smith,Consumer,North,Delhi,2024-08-29
CUST-00395,Michelle Carter,Consumer,North,Delhi,2023-07-27
CUST-00396,Cynthia Butler,Consumer,North,Punjab,2024-12-23
CUST-00397,Kelly Ward,Consumer,East,Odisha,2024-09-06
CUST-00398,Rachel Romero,Home Office,South,Tamil Nadu,2023-08-10
CUST-00399,John Reid,Consumer,Central,Chhattisgarh,2024-05-10
CUST-00400,Alan Kramer,Corporate,Central,Madhya Pradesh,2024-04-18
CUST-00401,Matthew Garcia,Corporate,South,Karnataka,2024-10-19
CUST-00402,Evelyn Williams,Corporate,South,Karnataka,2024-09-22
CUST-00403,Marvin Greer,Consumer,South,Kerala,2025-01-07
CUST-00404,Michael Welch,Consumer,North,Haryana,2025-04-16
CUST-00405,Mike Acevedo,Corporate,South,Karnataka,2023-08-23
CUST-00406,Andrew Gonzalez,Consumer,Central,Madhya Pradesh,2023-08-27
CUST-00407,Eric Sanders,Consumer,North,Uttarakhand,2025-04-19
CUST-00408,Dawn Mullins,Consumer,South,Tamil Nadu,2023-12-21
CUST-00409,Scott Williams,Home Office,West,Maharashtra,2024-12-16
CUST-00410,Caleb Richardson,Consumer,East,Bihar,2025-06-15
CUST-00411,Jeremiah Huber,Consumer,South,Kerala,2024-04-14
CUST-00412,Kathleen Jimenez,Consumer,East,West Bengal,2025-07-12
CUST-00413,Debra Miller,Consumer,East,Bihar,2024-06-19
CUST-00414,Lance Short,Consumer,South,Andhra Pradesh,2024-09-21
CUST-00415,Brian Murphy,Consumer,Central,Chhattisgarh,2024-03-11
CUST-00416,Lance Simmons,Consumer,West,Rajasthan,2025-01-11
CUST-00417,Jeremy Acosta,Corporate,East,West Bengal,2025-07-03
CUST-00418,Zachary Hill,Corporate,East,Odisha,2025-03-31
CUST-00419,Angela Walsh,Corporate,North,Delhi,2024-05-03
CUST-00420,Nicole Moore,Consumer,North,Delhi,2023-08-19
CUST-00421,Lawrence Harrington,Consumer,North,Haryana,2023-08-22
CUST-00422,David Brewer,Consumer,South,Kerala,2024-05-02
CUST-00423,Keith Jacobs,Consumer,East,Jharkhand,2025-01-03
CUST-00424,Jacob Wallace,Home Office,West,Gujarat,2023-09-23
CUST-00425,Kendra Sanders,Consumer,South,Karnataka,2024-12-11
CUST-00426,Tyler Johnson,Corporate,West,Maharashtra,2023-12-17
CUST-00427,Mr. Justin Green III,Corporate,Central,Madhya Pradesh,2024-07-06
CUST-00428,Logan Benson,Consumer,North,Punjab,2024-08-10
CUST-00429,Chad Jones,Corporate,East,West Bengal,2023-12-07
CUST-00430,Jill Miller,Corporate,North,Punjab,2025-01-05
CUST-00431,Victoria Contreras,Home Office,North,Uttarakhand,2025-01-27
CUST-00432,Joshua Vance,Home Office,East,West Bengal,2025-05-17
CUST-00433,Michael Graves,Consumer,South,Tamil Nadu,2023-12-08
CUST-00434,Katie Martinez,Consumer,North,Delhi,2023-12-29
CUST-00435,Cynthia Snyder,Consumer,South,Kerala,2024-05-01
CUST-00436,Jackie Lara,Corporate,Central,Uttar Pradesh,2024-09-26
CUST-00437,Stephen Jones,Consumer,South,Karnataka,2024-05-30
CUST-00438,Dr. Kelly Hammond DVM,Corporate,South,Andhra Pradesh,2023-09-21
CUST-00439,Evan Jones,Consumer,East,Odisha,2024-07-21
CUST-00440,Haley Humphrey,Corporate,North,Uttarakhand,2025-03-23
CUST-00441,Laurie Saunders,Corporate,East,West Bengal,2023-11-03
CUST-00442,Thomas Brown,Home Office,South,Kerala,2023-10-30
CUST-00443,Elizabeth Martin,Corporate,South,Andhra Pradesh,2025-07-21
CUST-00444,Hannah Everett,Consumer,North,Punjab,2025-06-20
CUST-00445,Blake Gonzalez,Corporate,North,Delhi,2024-09-25
CUST-00446,Mario Mendez,Corporate,Central,Chhattisgarh,2023-10-06
CUST-00447,Caroline David,Consumer,South,Tamil Nadu,2023-11-22
CUST-00448,Marcus Winters,Consumer,South,Kerala,2024-04-13
CUST-00449,Kristy Bryan,Consumer,Central,Uttar Pradesh,2023-08-17
CUST-00450,Travis Wise,Home Office,East,Jharkhand,2024-02-16
CUST-00451,Pamela Butler,Corporate,Central,Madhya Pradesh,2024-12-03
CUST-00452,Stephen Gardner,Consumer,Central,Uttar Pradesh,2024-12-05
CUST-00453,Karen Ballard,Corporate,North,Delhi,2025-01-08
CUST-00454,Jesse Barker,Corporate,West,Gujarat,2023-11-25
CUST-00455,John Harris,Consumer,North,Punjab,2024-11-08
CUST-00456,Scott Flores,Consumer,South,Tamil Nadu,2025-05-24
CUST-00457,James Hodges,Consumer,Central,Madhya Pradesh,2024-08-28
CUST-00458,Emma Owens,Home Office,Central,Madhya Pradesh,2024-02-18
CUST-00459,Charles Williams,Consumer,North,Uttarakhand,2024-05-19
CUST-00460,Jennifer Estes,Home Office,West,Maharashtra,2025-06-25
CUST-00461,Garrett Lane,Consumer,Central,Chhattisgarh,2024-03-24
CUST-00462,Christopher Ferrell,Home Office,East,Odisha,2024-07-22
CUST-00463,Mr. Alexander Landry MD,Corporate,North,Uttarakhand,2024-01-28
CUST-00464,Harry Williams,Consumer,East,West Bengal,2024-08-13
CUST-00465,Sarah Chambers,Corporate,Central,Chhattisgarh,2024-03-03
CUST-00466,Sarah Jordan,Consumer,South,Karnataka,2025-06-10
CUST-00467,Jacob Powell,Consumer,South,Tamil Nadu,2023-08-30
CUST-00468,Kelly Lee,Corporate,East,West Bengal,2024-09-27
CUST-00469,James Cole,Corporate,Central,Uttar Pradesh,2024-09-25
CUST-00470,William Becker,Consumer,North,Uttarakhand,2023-10-26
CUST-00471,Brent Brooks,Consumer,South,Kerala,2024-04-14
CUST-00472,Holly Thomas,Consumer,South,Tamil Nadu,2024-11-04
CUST-00473,Kathryn Williams,Consumer,North,Uttarakhand,2023-11-09
CUST-00474,Regina Stone,Consumer,East,Jharkhand,2023-11-18
CUST-00475,Kaylee Murphy,Consumer,Central,Madhya Pradesh,2024-11-13
CUST-00476,James Jensen,Corporate,West,Gujarat,2025-05-10
CUST-00477,George Clayton,Home Office,East,Bihar,2024-09-11
CUST-00478,Justin Wells Jr.,Consumer,East,West Bengal,2024-04-08
CUST-00479,Veronica Silva,Home Office,East,Jharkhand,2025-04-04
CUST-00480,Shelby Soto,Corporate,South,Andhra Pradesh,2024-10-31
CUST-00481,Walter Patton,Corporate,North,Haryana,2025-03-19
CUST-00482,Crystal Williams,Consumer,South,Kerala,2024-08-02
CUST-00483,Mark Harvey,Corporate,East,Odisha,2025-05-09
CUST-00484,Roberto Allen,Consumer,South,Andhra Pradesh,2024-10-12
CUST-00485,Ashley Smith,Home Office,Central,Madhya Pradesh,2024-03-25
CUST-00486,Jason Harris,Consumer,North,Delhi,2024-08-18
CUST-00487,Tami Salas,Home Office,Central,Uttar Pradesh,2025-02-16
CUST-00488,Michele Stone,Consumer,South,Karnataka,2024-10-03
CUST-00489,Matthew Fox,Corporate,Central,Uttar Pradesh,2024-03-25
CUST-00490,Julia Patel,Home Office,West,Rajasthan,2024-09-22
CUST-00491,Raymond Le,Consumer,North,Delhi,2024-12-06
CUST-00492,Deborah Washington,Home Office,North,Uttarakhand,2024-02-02
CUST-00493,Edwin David,Corporate,East,Bihar,2024-03-13
CUST-00494,Michele Vaughn,Home Office,Central,Chhattisgarh,2024-08-08
CUST-00495,Gregory Peck,Consumer,North,Haryana,2025-04-03
CUST-00496,Donna Berry,Consumer,South,Kerala,2024-09-19
CUST-00497,William Cardenas,Corporate,Central,Uttar Pradesh,2025-03-17
CUST-00498,Donna Roberts,Corporate,South,Tamil Nadu,2025-01-30
CUST-00499,Thomas Douglas,Consumer,Central,Uttar Pradesh,2025-02-25
CUST-00500,Dale Ryan,Consumer,South,Tamil Nadu,2025-07-19
CUST-00501,Denise Rodriguez,Home Office,East,West Bengal,2025-02-20
CUST-00502,Dana Santiago,Corporate,South,Andhra Pradesh,2024-09-10
CUST-00503,David Garcia,Corporate,Central,Chhattisgarh,2024-04-07
CUST-00504,Ashlee Townsend,Corporate,East,Odisha,2023-07-30
CUST-00505,Vanessa Moore,Home Office,North,Haryana,2024-12-14
CUST-00506,Sherry Woods,Corporate,West,Gujarat,2023-12-27
CUST-00507,Donna Mitchell,Consumer,Central,Chhattisgarh,2023-09-09
CUST-00508,Ann Andrews,Consumer,West,Maharashtra,2024-09-13
CUST-00509,Sarah Johnson,Consumer,West,Gujarat,2025-07-10
CUST-00510,Stephen Thompson,Consumer,North,Uttarakhand,2025-07-09
CUST-00511,Russell French,Home Office,East,Odisha,2023-12-17
CUST-00512,Tonya Howe,Consumer,Central,Uttar Pradesh,2025-06-05
CUST-00513,Edwin Morrison,Corporate,East,Jharkhand,2025-07-16
CUST-00514,Mrs. Virginia Daniels,Consumer,Central,Chhattisgarh,2024-08-12
CUST-00515,Brandi Gordon,Consumer,East,Bihar,2024-02-22
CUST-00516,Brian Martin,Consumer,South,Tamil Nadu,2024-07-16
CUST-00517,Michelle Smith,Home Office,Central,Uttar Pradesh,2024-04-12
CUST-00518,Laura Todd,Home Office,Central,Uttar Pradesh,2023-12-09
CUST-00519,Margaret Sullivan,Corporate,Central,Chhattisgarh,2024-06-22
CUST-00520,Angie Caldwell,Corporate,West,Rajasthan,2023-12-16
CUST-00521,Mrs. Taylor Smith,Home Office,East,Jharkhand,2024-05-18
CUST-00522,Paul Finley,Corporate,West,Rajasthan,2024-03-16
CUST-00523,Laura Green,Corporate,Central,Chhattisgarh,2024-04-30
CUST-00524,Amy Wilson,Consumer,East,Bihar,2024-03-20
CUST-00525,Michael Leblanc,Consumer,East,Jharkhand,2025-06-14
CUST-00526,Emily Wilson,Consumer,South,Andhra Pradesh,2025-07-06
CUST-00527,Holly Walker,Corporate,North,Uttarakhand,2023-11-06
CUST-00528,Jesse Zhang,Home Office,South,Andhra Pradesh,2024-05-11
CUST-00529,Joshua Ruiz,Home Office,East,Odisha,2024-09-15
CUST-00530,Samantha Gill,Home Office,North,Delhi,2025-01-04
CUST-00531,Shelley Miller,Corporate,East,Jharkhand,2024-07-06
CUST-00532,Heidi Stark,Corporate,East,Jharkhand,2023-10-21
CUST-00533,Joshua Wagner,Home Office,Central,Chhattisgarh,2024-10-12
CUST-00534,Carmen Bond,Consumer,East,Bihar,2024-07-03
CUST-00535,Daniel Aguilar,Consumer,North,Haryana,2023-10-04
CUST-00536,Jill Brown,Corporate,North,Uttarakhand,2023-11-05
CUST-00537,Joyce Brown,Corporate,West,Goa,2024-07-19
CUST-00538,Elizabeth Johnson,Consumer,North,Punjab,2024-02-08
CUST-00539,Nichole Lane,Consumer,Central,Uttar Pradesh,2023-08-30
CUST-00540,Michael Weaver,Consumer,Central,Madhya Pradesh,2023-09-10
CUST-00541,Andrea Peck,Corporate,South,Tamil Nadu,2023-08-19
CUST-00542,Christopher Taylor,Corporate,East,West Bengal,2024-12-05
CUST-00543,Maria Fisher,Corporate,West,Goa,2025-06-17
CUST-00544,Sergio Knox,Consumer,East,Jharkhand,2024-05-12
CUST-00545,Victor Baxter,Consumer,North,Delhi,2023-11-06
CUST-00546,Hannah White,Corporate,West,Gujarat,2024-09-15
CUST-00547,Cameron Irwin,Consumer,South,Tamil Nadu,2025-05-04
CUST-00548,Alexander Evans,Consumer,North,Delhi,2024-12-30
CUST-00549,Jessica Gray,Corporate,North,Punjab,2024-01-20
CUST-00550,Gregory Hill,Home Office,South,Tamil Nadu,2025-07-23
CUST-00551,Pamela Johnson,Corporate,South,Tamil Nadu,2024-12-19
CUST-00552,Ralph Stephenson,Consumer,South,Karnataka,2023-08-07
CUST-00553,Austin Wheeler,Consumer,East,Bihar,2024-07-06
CUST-00554,Michele Williams,Home Office,North,Haryana,2025-02-20
CUST-00555,Jeffrey Fernandez,Corporate,North,Uttarakhand,2025-03-02
CUST-00556,Amy Gordon,Corporate,South,Andhra Pradesh,2024-03-06
CUST-00557,Thomas Johnston,Consumer,East,Bihar,2024-10-16
CUST-00558,Megan Flores,Corporate,West,Gujarat,2024-03-16
CUST-00559,Victoria Boyd,Corporate,South,Kerala,2024-06-11
CUST-00560,Antonio Fry,Consumer,East,Jharkhand,2025-06-08
CUST-00561,Casey Shelton,Consumer,South,Tamil Nadu,2024-09-29
CUST-00562,William David DDS,Consumer,West,Maharashtra,2025-03-27
CUST-00563,Melissa Russell,Home Office,North,Punjab,2024-03-14
CUST-00564,Paul Wells,Home Office,East,Jharkhand,2025-05-15
CUST-00565,Scott Thomas,Consumer,Central,Uttar Pradesh,2024-07-19
CUST-00566,Kristina Faulkner,Corporate,Central,Uttar Pradesh,2024-09-30
CUST-00567,Jasmine Scott,Corporate,West,Gujarat,2024-04-07
CUST-00568,Tammy Boone,Consumer,East,Jharkhand,2023-10-05
CUST-00569,Sandra Williams,Consumer,North,Uttarakhand,2024-05-13
CUST-00570,Lindsey Russo,Consumer,South,Karnataka,2023-12-19
CUST-00571,Laurie Powers,Consumer,Central,Uttar Pradesh,2024-01-10
CUST-00572,Sean Cook,Corporate,North,Delhi,2025-07-01
CUST-00573,Timothy Hayden,Corporate,Central,Madhya Pradesh,2023-10-25
CUST-00574,Nicole Rocha,Corporate,West,Goa,2025-01-16
CUST-00575,Christine Herman,Corporate,West,Goa,2024-09-26
CUST-00576,Douglas Owens,Home Office,South,Andhra Pradesh,2024-12-10
CUST-00577,Dennis Hunt,Consumer,North,Delhi,2024-08-15
CUST-00578,Robert Bowen,Consumer,South,Tamil Nadu,2025-03-08
CUST-00579,Suzanne Wood,Corporate,South,Kerala,2024-06-11
CUST-00580,Sean Figueroa,Home Office,South,Tamil Nadu,2023-08-07
CUST-00581,Timothy Riley,Consumer,Central,Madhya Pradesh,2024-06-14
CUST-00582,Craig Hall,Corporate,South,Kerala,2024-10-10
CUST-00583,Kathryn Pena,Consumer,North,Uttarakhand,2025-01-07
CUST-00584,Phillip Burns,Home Office,West,Rajasthan,2025-02-07
CUST-00585,Katherine Jackson,Consumer,South,Tamil Nadu,2025-04-03
CUST-00586,Charles Payne,Consumer,South,Karnataka,2023-12-15
CUST-00587,Kimberly May,Consumer,Central,Chhattisgarh,2023-09-09
CUST-00588,Sara Jones,Consumer,West,Gujarat,2025-04-21
CUST-00589,Pamela Gutierrez,Corporate,North,Haryana,2025-05-10
CUST-00590,Andrea Hernandez,Consumer,North,Delhi,2024-01-11
CUST-00591,Jacqueline Williamson,Consumer,West,Maharashtra,2024-12-24
CUST-00592,Susan Hopkins,Consumer,Central,Madhya Pradesh,2023-08-07
CUST-00593,Juan Smith,Home Office,East,Odisha,2024-09-09
CUST-00594,Kimberly Mitchell,Consumer,South,Andhra Pradesh,2024-08-19
CUST-00595,Megan Drake,Consumer,North,Uttarakhand,2025-07-01
CUST-00596,Thomas Warren,Home Office,East,West Bengal,2024-01-29
CUST-00597,Joseph Ochoa,Consumer,West,Rajasthan,2024-02-18
CUST-00598,Angela Chung,Consumer,Central,Madhya Pradesh,2024-07-16
CUST-00599,Wanda Perez,Corporate,North,Uttarakhand,2025-01-07
CUST-00600,Angela Frey,Home Office,West,Gujarat,2024-12-11
